1.000000000000000000e+00,6.877701873343525785e-01,3.122298126656474215e-01,3.532251550981012400e+00,1.837873693894141458e-01,3.999999999999999928e-200,1.489086733326737688e-01,6.160050475551834270e-02,7.345190154138064864e-02,8.598472650042084942e-01,2.414423218670744831e+00,1.320482721169214391e-01,2.074565196749326434e-01,1.030744583271732753e-02,3.759172787004754768e-01
2.000000000000000000e+00,6.361659627381726079e-01,3.638340372618273921e-01,1.747223876086985594e+00,9.258183090679970861e-02,1.999999999999999964e-200,7.070010878121973930e-02,5.249342720286246516e-02,3.700075702213252021e-02,7.871993825444192350e-01,2.226919937628410173e-01,9.364393903834197785e-02,4.824615510133646867e-01,2.220330033672101439e-02,3.917998333043121173e-01
3.000000000000000000e+00,4.682959297631595907e-01,5.317040702368402982e-01,3.493533251388735827e+00,1.865567620372620694e-01,3.999999999999999928e-200,1.415188623208615548e-01,1.038330185236873288e-01,7.455810572945292813e-02,1.366938054486795728e+00,8.563497311304997250e-01,1.378029139594306451e-01,8.497335002651430491e-01,4.460282394391675009e-02,7.445729762142145880e-01
4.000000000000000000e+00,3.839011180081200458e-01,6.160988819918800097e-01,2.635739093600668603e+00,1.394678150381804538e-01,2.999999999999999946e-200,1.108354941916709080e-01,5.821861208125633791e-02,5.573898508822379416e-02,1.286352786277064730e+00,5.727302989491701579e-01,1.509501555496471359e-01,3.208070825874967391e-01,2.328712408363826925e-02,6.458725525529829259e-01
5.000000000000000000e+00,4.343889635791356452e-01,5.656110364208642993e-01,1.781095759220326702e+00,9.277480525000010581e-02,1.999999999999999964e-200,7.936529032070341327e-02,9.686061479737807789e-03,3.707808372923150630e-02,4.965469557060336880e-01,1.209503963962847095e+00,7.518715205770579169e-02,5.801773590519678630e-201,5.801773590519678630e-201,2.187619282734136750e-01
6.000000000000000000e+00,5.444599467185615715e-01,4.555400532814384285e-01,2.641606041093514268e+00,1.375510683803208289e-01,2.999999999999999946e-200,1.092908190367759685e-01,5.657886415186019063e-02,5.497320733752819599e-02,6.484061940261499624e-01,1.465589111342136430e+00,1.064973692770869729e-01,4.726669740404922937e-01,2.169000174330961567e-02,2.851503495708247460e-01
7.000000000000000000e+00,2.279546730893131368e-01,7.720453269106869465e-01,4.377570184238726902e+00,2.281780960666508207e-01,4.999999999999999911e-200,1.736824466507839726e-01,1.293763342313762055e-01,9.119293881246209876e-02,9.671119091761735120e-01,2.428102342858932339e+00,1.628761586352959478e-01,9.653384782686006416e-01,4.718446768236786437e-02,4.293866433786291958e-01
8.000000000000000000e+00,2.932996682746803474e-01,7.067003317253196526e-01,8.752460620109223655e-01,4.569228355637165034e-02,9.999999999999999821e-201,3.489303466306585555e-02,2.590738902912962868e-02,1.826123074051046180e-02,1.931172461034671717e-01,4.559647353972017814e-01,3.275296740468509188e-02,2.219873801001407132e-01,9.766146566245364688e-03,8.641152442825988933e-02
9.000000000000000000e+00,6.106192384810992246e-01,3.893807615189007754e-01,8.907933304811016528e-01,4.628335222160102902e-02,9.999999999999999821e-201,3.959367000171681167e-02,4.832171851137764991e-03,1.849747544444249256e-02,1.926180067198702550e-01,6.916587658057690158e-01,3.237333230298081177e-02,2.272444420731475604e-201,2.272444420731475604e-201,8.334989517137987580e-02
1.000000000000000000e+01,5.613883083093700321e-01,4.386116916906299679e-01,4.402503745986475536e+00,2.326057079473264066e-01,4.999999999999999911e-200,1.852047991384248860e-01,8.672370936727644142e-02,9.296203756049559175e-02,1.766305391111183454e+00,1.661846666852099696e+00,2.085023338382094860e-01,4.373943771675555814e-01,2.716794078334434231e-02,8.987832902476071695e-01
1.100000000000000000e+01,6.154956382444047858e-01,3.845043617555953253e-01,1.780863970976896749e+00,9.287306171300425961e-02,1.999999999999999964e-200,7.944931092937709827e-02,9.696315695124531342e-03,3.711734068559706390e-02,5.339820524449547801e-01,1.147301119277386761e+00,8.153540222533225967e-02,6.578241953477833103e-201,6.578241953477833103e-201,2.371814260523261442e-01
1.200000000000000000e+01,4.422073014222162035e-01,5.577926985777837965e-01,3.499204136448512692e+00,1.834212504400796750e-01,3.999999999999999928e-200,1.400699771857329412e-01,1.039992042326041699e-01,7.330543169307071616e-02,1.025528963385792247e+00,1.324144867957513849e+00,1.477631691485372656e-01,9.869903511163773402e-01,4.126261540391774202e-02,4.743100329878613963e-01
1.300000000000000000e+01,3.279604515999486325e-01,6.720395484000513120e-01,2.628120465954402629e+00,1.505412203778186409e-01,2.999999999999999946e-200,1.245131546301647130e-01,3.720604745356986820e-02,5.961911158404448879e-02,1.566377472735939413e+00,9.533505996108157521e-02,6.605675770365324051e-02,2.790570239554079346e-01,1.363235065135840786e-02,9.795413349925594648e-01
1.400000000000000000e+01,4.771969436832584344e-01,5.228030563167415101e-01,5.275628461372196654e+00,2.786543191424571408e-01,5.999999999999999893e-200,2.205414549793958123e-01,1.138100745484242060e-01,1.113656899575254655e-01,1.722616404511427168e+00,2.371178035652012461e+00,2.048475488876788930e-01,7.448235527616871021e-01,4.533074827308584270e-02,9.112037099141085950e-01
1.500000000000000000e+01,6.137856859782261365e-01,3.862143140217739190e-01,2.635844068955690123e+00,1.573737726896672073e-01,2.999999999999999946e-200,1.287600563917031260e-01,1.642970774472071738e-02,6.159239421821897237e-02,1.430096436911187929e+00,6.347778982467686681e-01,4.118687758715666031e-02,8.849209005005702344e-02,3.653054009005806886e-199,8.054466972048298645e-01
1.600000000000000000e+01,3.990408390034175246e-01,6.009591609965825310e-01,5.253569148033180980e+00,2.812494440631198578e-01,5.999999999999999893e-200,2.179808765144965466e-01,1.347983358469977966e-01,1.124021955422043473e-01,2.188353768769705443e+00,1.382854071084766989e+00,1.966043751349065283e-01,9.204186938171403654e-01,4.820974404514193762e-02,1.263559347148338841e+00
1.700000000000000000e+01,2.293305034809245968e-01,7.706694965190753477e-01,1.765559189245161864e+00,9.215553416964830657e-02,1.999999999999999964e-200,7.462676936574261233e-02,3.082794140639077279e-02,3.683056581305653443e-02,5.029087938230079047e-01,1.005447399173245326e+00,7.409654076881605489e-02,1.830872723485668374e-01,8.676173924743098634e-03,2.257838199616207520e-01
1.800000000000000000e+01,7.030959864488591782e-01,2.969040135511408218e-01,1.689460406669625714e+00,1.475712192115412325e-01,1.999999999999999964e-200,8.561352706522654121e-02,3.541434051861217652e-02,4.194050653499401676e-02,8.555584195394525526e-01,1.720016077694805010e-02,4.996123313263136495e-02,4.653924089379689599e-01,2.234590792428962913e-02,5.895418696887095855e-01
1.900000000000000000e+01,4.447830326136749113e-01,5.552169673863249777e-01,8.697510356347395444e-01,4.815385917422317780e-02,9.999999999999999821e-201,3.633806790387197894e-02,2.651237366881093946e-02,1.924466361835453290e-02,5.159719881934669017e-01,8.959858482498720030e-04,2.927094223014761742e-02,9.189157611724403651e-02,1.265803472094435313e-02,3.493114728899472388e-01
2.000000000000000000e+01,2.918610895848333664e-01,7.081389104151666336e-01,2.625514541412818925e+00,1.371587768007396235e-01,2.999999999999999946e-200,1.047416732147800483e-01,7.776861236377570485e-02,5.481639620788582995e-02,7.044767710703740971e-01,1.250786277577869088e+00,1.076939407605891214e-01,5.922389925153648260e-01,2.768535931520423737e-02,3.171186587605984708e-01
2.100000000000000000e+01,3.673429722275158849e-01,6.326570277724840041e-01,5.266202482871429780e+00,2.813248435569659645e-01,5.999999999999999893e-200,2.233283280526482673e-01,1.167111647709128674e-01,1.124331807480425105e-01,1.408266485707935445e+00,2.376077370362975394e+00,2.466778633977049218e-01,1.145382787165454275e+00,4.732296936883870209e-02,7.762725239970915680e-01
2.200000000000000000e+01,5.106668903344072641e-01,4.893331096655927914e-01,8.713697397759475605e-01,4.711230756121812663e-02,9.999999999999999821e-201,3.597711859498142067e-02,2.671230412495819231e-02,1.882852994289486992e-02,4.698152290593707869e-01,1.022763630124946983e-02,3.719961578942361513e-02,2.051816896132181434e-01,8.455998795745366461e-03,2.691198304409927466e-01
2.300000000000000000e+01,3.013048793828686511e-01,6.986951206171313489e-01,4.369626638662253093e+00,2.293730569253751017e-01,4.999999999999999911e-200,1.793338370231201129e-01,1.299962275705201509e-01,9.167023981873184679e-02,1.894029781400740520e+00,1.457698328960637779e+00,2.521636404372136209e-01,4.894864525402868871e-01,2.617634616293489785e-02,8.804454504981861218e-01
2.400000000000000000e+01,6.717507248178565815e-01,3.282492751821434740e-01,8.158395379844294304e-01,1.026770677771699225e-01,9.999999999999999821e-201,5.254734583507422035e-02,6.413090915422512729e-03,2.252295748790401203e-02,8.276618679383989097e-01,2.280547439267318032e-198,2.280547439267318032e-198,2.280547439267318032e-198,2.280547439267318032e-198,1.723381320616010626e-01
2.500000000000000000e+01,5.139143036186546443e-01,4.860856963813454112e-01,1.766484678282732368e+00,9.180986246599018297e-02,1.999999999999999964e-200,7.435833215563114607e-02,3.065465616121927639e-02,3.669247093442713770e-02,3.464670154602897956e-01,1.224370237826197805e+00,5.872541320720005287e-02,2.120559222095370622e-01,8.146457580903022910e-03,1.502349537158724213e-01
2.600000000000000000e+01,5.317503313477336402e-01,4.682496686522664153e-01,4.371599776307623308e+00,2.301575375192500550e-01,4.999999999999999911e-200,1.757603815158301219e-01,1.304985900774772722e-01,9.198371457981920074e-02,1.885576694370078243e+00,1.304204222795395829e+00,2.435138013873254792e-01,6.347180364220847970e-01,3.002701935401899322e-02,9.019602256710965715e-01
2.700000000000000000e+01,7.344700596154760674e-01,2.655299403845239881e-01,8.711697179969827287e-01,4.722934431968043439e-02,9.999999999999999821e-201,3.604293553015531365e-02,2.668269667784235744e-02,1.887530547533939132e-02,3.335090606830167781e-01,7.656636405038720963e-03,2.639661375335895441e-02,4.191295632795256076e-01,1.862579454190822770e-02,1.946823313371515152e-01
2.800000000000000000e+01,4.963490760500744448e-01,5.036509239499253887e-01,2.628973682783057875e+00,1.406713323689466888e-01,2.999999999999999946e-200,1.160217008407932182e-01,5.811346834829363150e-02,5.621981565890819821e-02,1.468945523057068492e+00,3.546447196074570263e-01,1.519296279067743893e-01,2.176217562221480772e-01,1.603697003076316394e-02,7.908214031757887508e-01
2.900000000000000000e+01,3.034693885005083080e-01,6.965306114994916920e-01,5.244948162601795083e+00,2.762242037409660123e-01,5.999999999999999893e-200,2.111110866350228155e-01,1.573221112799849941e-01,1.103944357422322470e-01,2.537509838306026388e+00,1.214278018153387206e+00,2.983207984855747452e-01,7.004109281368295914e-01,4.029166320749017621e-02,1.209188753710691566e+00
3.000000000000000000e+01,6.637374059689817862e-01,3.362625940310182138e-01,1.753445075138937659e+00,9.460090028438207510e-02,1.999999999999999964e-200,8.092639909382470798e-02,3.322018110787498812e-02,3.780744437498026467e-02,8.412783019323447631e-01,5.563300726056729095e-01,6.415854521909222785e-02,2.739801680751532292e-200,6.453182125062745765e-03,5.317798981178274431e-01
3.100000000000000000e+01,2.929607786172062078e-01,7.070392213827938477e-01,3.530088675954770494e+00,1.845847178768934005e-01,3.999999999999999928e-200,1.495217515233814576e-01,6.203440450173033915e-02,7.377045014322324012e-02,1.117395271383593514e+00,1.808795169965832894e+00,1.579385204352270200e-01,3.872769774683206823e-01,1.825887898037539120e-02,5.103351817666500478e-01
3.200000000000000000e+01,6.784793848168811925e-01,3.215206151831188075e-01,8.482747344129767386e-01,5.529022292938139127e-02,9.999999999999999821e-201,4.729472697356718741e-02,2.809819311761197966e-02,2.104212256646267529e-02,7.507745341744700429e-01,8.124936539595517721e-14,1.009966329913971955e-03,4.557299427135576096e-199,7.482576886674812029e-03,2.407329226088599228e-01
3.300000000000000000e+01,5.303851682802002143e-01,4.696148317197998412e-01,1.763878880836668994e+00,9.276891462203093464e-02,1.999999999999999964e-200,7.509364652589634037e-02,3.118294325510449425e-02,3.707561476029937186e-02,6.936695044949457989e-01,7.600723628409402632e-01,8.572972993730637592e-02,1.152731355895956905e-01,4.987330253906093955e-03,3.402679368833058104e-01
3.400000000000000000e+01,3.728881655344890578e-01,6.271118344655109977e-01,8.746998810085113707e-01,4.589235223189947616e-02,9.999999999999999821e-201,3.504580549712310589e-02,2.602081218786520683e-02,1.834114907460076757e-02,3.173320717337292374e-01,3.095846991237040102e-01,4.342713660269142267e-02,1.741271794092371095e-01,8.455514157867929578e-03,1.470733989727702196e-01
3.500000000000000000e+01,3.118144833622275014e-01,6.881855166377724986e-01,2.620668004486153890e+00,1.389340712870856254e-01,2.999999999999999946e-200,1.060972014108264583e-01,7.877506808367211455e-02,5.552565473226112047e-02,1.258185763799930079e+00,5.240705782945600522e-01,1.469450306974340592e-01,4.167420762693339054e-01,1.870061971507547272e-02,6.353559312236662926e-01
3.600000000000000000e+01,4.932462271827151024e-01,5.067537728172849532e-01,1.589449554579621893e+00,2.126761134705116851e-01,1.999999999999999964e-200,1.088418819053901115e-01,3.983906405436653947e-02,4.919338599011000707e-02,5.642725215195318889e-01,4.987157005252097672e-199,4.987157005252097672e-199,4.987157005252097672e-199,4.456263019915842477e-02,1.391164848281309707e+00
3.700000000000000000e+01,5.165591127210271694e-01,4.834408872789728862e-01,2.477323878148766756e+00,2.449880315188401325e-01,2.999999999999999946e-200,1.245581386299368654e-01,8.799540191973767578e-02,6.513454978271866758e-02,6.887967696486408942e-01,2.839620372242629420e-01,4.135414815925365223e-02,8.052480890493900478e-01,5.647828862080785106e-02,1.124160667297644522e+00
3.800000000000000000e+01,4.472674115192467603e-01,5.527325884807533507e-01,3.496787520643326985e+00,1.838690386584873049e-01,3.999999999999999928e-200,1.406435093740533437e-01,1.052156256561703057e-01,7.348430566796203267e-02,1.403099475767789928e+00,1.162056317211217715e+00,1.880431481881530975e-01,5.483910513834379108e-01,3.343032491564393305e-02,6.649796825337572770e-01
3.900000000000000000e+01,5.071375357366479930e-01,4.928624642633521180e-01,1.754228647016900400e+00,9.574341988596297981e-02,1.999999999999999964e-200,8.190336808415760173e-02,2.997203608358927490e-02,3.815252892938964663e-02,7.923023743397396013e-01,6.624572181559759132e-01,4.739041026651064775e-02,4.238999769146112731e-200,6.683810024319992299e-03,4.911661872134537310e-01
4.000000000000000000e+01,5.321626611247282090e-01,4.678373388752718465e-01,3.531430794638231951e+00,1.838392899512006906e-01,3.999999999999999928e-200,1.488872224454021176e-01,6.237002536701559408e-02,7.347266759814861936e-02,7.630586529744687319e-01,2.376209839894888098e+00,1.307617148224216042e-01,3.748907614911738406e-01,2.005658197318146291e-02,3.350224488438662274e-01
4.100000000000000000e+01,5.394005429521530059e-01,4.605994570478470496e-01,1.781447859738238826e+00,9.262554579895446172e-02,1.999999999999999964e-200,7.923765620231756901e-02,9.670484494980341461e-03,3.701845376550861461e-02,4.261266220500578572e-01,1.321486043216940187e+00,6.702511651477234544e-02,4.832478548739172495e-201,4.832478548739172495e-201,1.853622182182296241e-01
4.200000000000000000e+01,7.336674730625127872e-01,2.663325269374872684e-01,4.443746782409350615e+00,2.357797124349230722e-01,4.999999999999999911e-200,2.016976311313447012e-01,2.461599582841880740e-02,9.415987819596258190e-02,2.609478437216282476e+00,9.054642615909106462e-01,1.896228956758133632e-01,7.299371995257666077e-200,7.299371995257666077e-200,1.295434405516993071e+00
4.300000000000000000e+01,4.574959686667535164e-01,5.425040313332464281e-01,1.748768761426205520e+00,9.201589178866709240e-02,1.999999999999999964e-200,7.026804713700056382e-02,5.217263592264587135e-02,3.677466372548122975e-02,6.398286284860809081e-01,4.544795680289263062e-01,8.862698675923968983e-02,4.925553179618101796e-01,2.187036082980342577e-02,3.026391379341397680e-01
4.400000000000000000e+01,4.655464972636278453e-01,5.344535027363722657e-01,2.639984701856065374e+00,1.381539816005868948e-01,2.999999999999999946e-200,1.097573684790978804e-01,5.688985247616088620e-02,5.521409558808873519e-02,8.948298764501632085e-01,1.237845716370676641e+00,1.230573425087757855e-01,3.190561701075632639e-01,1.602025379930956464e-02,4.091906407635114151e-01
4.500000000000000000e+01,2.504649997530829508e-01,7.495350002469169937e-01,8.729598583561066771e-01,4.652977054237279059e-02,9.999999999999999821e-201,3.553243822636174831e-02,2.638212350693961220e-02,1.859580936821913708e-02,4.524371645559475685e-01,6.921216722127929155e-02,4.864956883076711203e-02,1.857311004557080369e-01,9.574330583477163106e-03,2.343956683528208851e-01
4.600000000000000000e+01,6.027963021642861463e-01,3.972036978357137982e-01,3.511486217220291195e+00,1.911985541668994038e-01,3.999999999999999928e-200,1.545178850915256419e-01,6.655325000759218512e-02,7.624409351369135224e-02,1.503385074143096523e+00,1.263851744369756558e+00,1.004806944779136624e-01,1.899162690255500885e-01,1.407526494991791569e-02,9.282909530337652981e-01
4.700000000000000000e+01,5.318728230494057518e-01,4.681271769505943592e-01,5.246523225593626272e+00,2.762455118973023982e-01,5.999999999999999893e-200,2.108983680485180257e-01,1.559298772432833324e-01,1.104030172172700275e-01,2.317824792765357689e+00,1.413615197220253306e+00,2.958035240830920176e-01,8.194598581795375924e-01,5.036165020504689005e-02,1.102934977546712547e+00
4.800000000000000000e+01,3.972757207453774808e-01,6.027242792546225747e-01,4.384846909243016455e+00,2.315080604441387413e-01,4.999999999999999911e-200,1.812778100309015428e-01,1.098437137551054738e-01,9.252350652683749566e-02,1.207472842543074965e+00,1.784072543573435699e+00,1.739928105173270401e-01,1.171811984802042073e+00,4.506035941540305345e-02,6.175894591487167684e-01
4.900000000000000000e+01,5.485531366214237980e-01,4.514468633785762575e-01,3.513301406033692675e+00,1.838494265281059303e-01,3.999999999999999928e-200,1.446511293911111051e-01,8.472147007344964231e-02,7.347656797364053582e-02,1.058405725436557532e+00,1.678254145674378695e+00,1.504257482589082540e-01,5.870582922625967592e-01,3.748383579547588662e-02,4.883722525720827212e-01
5.000000000000000000e+01,5.979183482291083873e-01,4.020816517708916127e-01,3.348397848317268721e+00,3.082407672205855209e-01,3.999999999999999928e-200,1.851789511344457961e-01,7.268462590335814100e-02,8.549780742434161251e-02,1.342428018082252983e+00,1.082714904176941273e+00,6.901514056373300732e-02,1.956206212344851481e-01,1.865357375127413564e-01,1.123685578429845844e+00
5.100000000000000000e+01,3.998258430310790423e-01,6.001741569689208466e-01,3.506053276776015082e+00,1.874888244501931311e-01,3.999999999999999928e-200,1.471556832156312444e-01,8.437166240364121772e-02,7.493055315451915832e-02,2.093002667932259975e+00,2.870688282233052058e-01,2.187583850006221131e-01,2.675976245071075565e-01,1.970784692760997256e-02,1.113864647409095188e+00
5.200000000000000000e+01,4.762819440358763146e-01,5.237180559641237965e-01,2.633323767811188265e+00,1.413178271624483673e-01,2.999999999999999946e-200,1.120543825629123913e-01,5.682592199865843519e-02,5.647810046479236068e-02,1.579906610088909424e+00,1.615585889073331838e-01,1.578242465500788727e-01,2.086841986030502916e-01,2.751052203283973346e-02,8.645158338177882928e-01
5.300000000000000000e+01,6.871951784187066981e-01,3.128048215812934130e-01,3.412434746442462696e+00,2.219973271988750219e-01,3.999999999999999928e-200,1.794245714094360455e-01,9.977232511221133249e-02,8.637102983701519521e-02,1.201608283210787498e+00,5.048090337713112552e-01,9.915774775795900553e-02,8.733039729484033398e-01,3.723382590130746572e-01,9.487827032984642583e-01
5.400000000000000000e+01,4.323359936813435112e-01,5.676640063186565444e-01,1.703149899587681038e+00,1.114009970665840454e-01,1.999999999999999964e-200,8.352611144430485690e-02,5.821455205384293285e-02,4.370843984758714801e-02,7.562372798130321261e-01,1.038337395501769779e-04,2.486702269241311200e-02,4.034656873255205722e-01,2.205349333629841313e-02,7.932726830931855488e-01
5.500000000000000000e+01,5.880044994681776771e-01,4.119955005318223784e-01,2.608067012696768217e+00,1.431751534418913840e-01,2.999999999999999946e-200,1.093348519836961213e-01,8.220294780657719236e-02,5.722003407106689143e-02,1.334477645941567259e+00,2.132113994334857432e-01,9.226442108059072778e-02,4.288096067392364041e-01,3.435777037587361971e-02,8.968791564292462049e-01
5.600000000000000000e+01,3.384033657408740958e-01,6.615966342591259597e-01,2.615388400274548886e+00,1.417919316632010873e-01,2.999999999999999946e-200,1.062845214653089648e-01,7.986764007079275030e-02,5.666750652614901962e-02,1.436793259200151773e+00,1.470860341200123655e-01,1.454865667565350962e-01,3.883425054957958533e-01,4.048206982392391073e-02,8.418095646035808066e-01
5.700000000000000000e+01,3.916175287024181717e-01,6.083824712975818283e-01,5.280121203705152588e+00,2.810247605986922470e-01,5.999999999999999893e-200,2.318658758986484603e-01,9.467546275316569837e-02,1.123126970443407979e-01,3.094807271907865420e+00,5.513165471010419427e-01,3.318267584875723708e-01,3.961155185022720571e-01,3.788741852571417268e-02,1.588046485475534286e+00
5.800000000000000000e+01,5.573964708292125092e-01,4.426035291707874353e-01,5.286958802915932232e+00,2.804750037714219268e-01,5.999999999999999893e-200,2.269858307525205177e-01,9.348728061294576952e-02,1.120930819471793460e-01,2.304537396444577002e+00,1.762747486128868779e+00,2.378943131033599001e-01,4.438820845978953544e-01,3.128178928239318257e-02,1.219656930442905907e+00
5.900000000000000000e+01,7.236163981583151328e-01,2.763836018416848672e-01,3.357978460844899260e+00,2.875367574323914321e-01,3.999999999999999928e-200,1.581419882420372069e-01,1.140082168748552394e-01,8.233457660581725013e-02,7.623619185860366354e-01,9.296144058256424758e-01,6.641970530262737704e-02,1.261916499796764457e+00,6.101780674067463356e-02,9.186696637482544281e-01
6.000000000000000000e+01,5.423194496684592414e-01,4.576805503315408141e-01,1.217006097730903491e+01,6.793261309438919371e-01,1.400000000000000323e-199,5.225881428941164808e-01,3.586253170866838258e-01,2.693994317662722904e-01,3.545970587232475602e+00,4.012227512934834373e+00,4.658023600781726614e-01,3.888388204030147843e+00,1.879673726550640245e-01,1.899643963069306940e+00
6.100000000000000000e+01,5.687329540422438878e-01,4.312670459577561677e-01,2.611609464618839027e+00,1.491637705311153195e-01,2.999999999999999946e-200,1.169137533947705865e-01,6.325072446734682219e-02,5.906228698792855003e-02,1.335743112480722417e+00,6.592177332900148734e-01,4.214317223162490633e-02,8.470667756656169445e-02,1.381516127457218732e-02,8.643741431565039601e-01
6.200000000000000000e+01,5.185397960813559193e-01,4.814602039186440807e-01,2.488234990124090551e+00,2.157036848592616129e-01,2.999999999999999946e-200,1.334801387298052422e-01,9.401246295411638809e-02,6.856872333272624742e-02,7.987687559642629997e-01,1.867412397472144325e-02,4.402321418391268171e-02,1.120697729916785512e+00,5.243439652561862618e-02,9.654017794346989589e-01
6.300000000000000000e+01,6.632239302454245866e-01,3.367760697545754134e-01,7.423793611168156836e-01,1.312645045932009091e-01,9.999999999999999821e-201,5.816404629649903762e-02,3.890344229615145394e-02,2.928864569733294343e-02,5.570819513735268680e-02,5.641651842234603028e-199,5.641651842234603028e-199,6.686348896593427016e-01,2.909570398588104054e-02,2.465612112174234150e-01
6.400000000000000000e+01,3.561170898468147272e-01,6.438829101531853283e-01,5.295747264503098961e+00,2.760214539410327239e-01,5.999999999999999893e-200,2.237678893099927790e-01,9.414955641604152992e-02,1.103138358298338534e-01,1.393551912619683142e+00,3.229261414086303628e+00,2.091493807234510727e-01,5.229155284816228155e-01,2.641261762782636663e-02,6.187091464611134128e-01
6.500000000000000000e+01,7.686256561985542746e-01,2.313743438014456977e-01,1.738006964562391676e+00,9.691399121016960883e-02,1.999999999999999964e-200,7.328539288476841607e-02,5.306213701276035061e-02,3.873151432990991350e-02,1.036474128548899198e+00,5.826864705702860907e-04,4.459569575281507881e-02,1.536569837244564363e-01,2.678274025389539015e-02,7.379077652493636341e-01
6.600000000000000000e+01,5.203207746010513057e-01,4.796792253989486943e-01,2.609208788042435945e+00,1.420936789561961788e-01,2.999999999999999946e-200,1.129228893237776143e-01,7.898667954823671011e-02,5.678796412935383647e-02,1.408145603323875950e+00,3.744093821276543443e-01,1.149327713823395103e-01,1.927602855113006719e-01,2.021294883986386737e-02,8.895390088149658370e-01
6.700000000000000000e+01,5.324643994856588236e-01,4.675356005143411764e-01,3.495130356597726529e+00,1.925396312449362546e-01,3.999999999999999928e-200,1.520170728378422154e-01,8.402825122188981033e-02,7.628468809760506619e-02,1.861190033642534214e+00,4.448075635046238596e-01,1.374932427888245767e-01,6.494609067041529071e-01,2.654479621350688823e-02,8.805034571463573601e-01
6.800000000000000000e+01,5.654335231768257142e-01,4.345664768231743413e-01,1.320788673412983805e+01,6.974969247141640238e-01,1.500000000000000379e-199,5.711806331237601064e-01,2.446779914318727434e-01,2.787577166003609719e-01,5.933307790582034613e+00,4.398507594642632412e+00,5.740037444491380425e-01,9.259497168820054469e-01,1.523312409397997724e-01,3.015899912504388158e+00
6.900000000000000000e+01,5.470515820344542535e-01,4.529484179655457465e-01,1.765197832626713925e+00,9.228948061527408875e-02,1.999999999999999964e-200,7.473014132684685507e-02,3.089846310219456285e-02,3.688408232897028016e-02,5.602612686433642297e-01,9.532071578797099987e-01,8.110178527743164278e-02,1.434905984564020520e-01,6.322218227057649700e-03,2.556169715160345191e-01
7.000000000000000000e+01,6.724214198766871320e-01,3.275785801233129235e-01,1.741964468424282542e+00,1.002286602287351253e-01,1.999999999999999964e-200,8.573883239868176909e-02,3.250354738530627369e-02,3.956449156299426950e-02,1.254118104663637379e+00,1.450523245763780220e-05,4.067231344940409887e-02,1.117732241033611003e-199,1.001427652427701147e-02,6.951808001302235418e-01
7.100000000000000000e+01,6.784588208488747663e-01,3.215411791511252337e-01,8.605222857983225726e-01,4.975694985801484838e-02,9.999999999999999821e-201,4.256354484834607571e-02,2.739459238919153550e-02,1.976262710612494353e-02,5.696863948057617755e-01,1.174501249922306561e-06,1.054938479888121831e-02,4.270984924164702401e-200,7.839545689383537949e-03,4.119235002047236249e-01
7.200000000000000000e+01,4.639509643510757453e-01,5.360490356489243657e-01,5.238667803616997354e+00,2.788457858340493978e-01,5.999999999999999893e-200,2.129405226270954243e-01,1.581040171802409466e-01,1.114418707416169746e-01,2.552311817991876008e+00,7.338179828310202879e-01,2.809580401324819343e-01,1.041739381280334387e+00,6.613794833158569142e-02,1.325034829432701455e+00
7.300000000000000000e+01,6.112769173436118919e-01,3.887230826563881636e-01,4.216826477152220143e+00,3.425463401118679641e-01,4.999999999999999911e-200,1.976555241898489412e-01,1.407079755102640106e-01,1.022636830357995380e-01,1.613687539942085580e+00,5.596983976933805893e-01,1.412151476011316020e-01,1.508194642205374914e+00,6.740566154639954233e-02,1.109798611011627578e+00
7.400000000000000000e+01,6.497338849091219837e-01,3.502661150908780163e-01,6.115556548736806874e+00,3.250080243871821817e-01,6.999999999999999295e-200,2.467942020163330363e-01,1.827503592713950464e-01,1.298908655882838048e-01,2.812766862266077528e+00,1.338992432493815832e+00,3.055842678517660671e-01,1.009815478167665148e+00,5.354204519043048727e-02,1.479298914030244827e+00
7.500000000000000000e+01,7.608729856857775475e-01,2.391270143142223692e-01,4.325683805933244308e+00,3.061691293221445731e-01,4.999999999999999911e-200,2.012738191283351963e-01,7.095106830261216357e-02,9.592217731366345368e-02,2.464379027443877046e+00,6.426614901562659465e-01,1.004746667973543117e-01,6.007365554262513591e-02,3.607470607798771156e-02,1.696336453981889703e+00
7.600000000000000000e+01,4.394527354789747875e-01,5.605472645210252125e-01,2.613360262362094399e+00,1.415714205025015437e-01,2.999999999999999946e-200,1.117242731632315800e-01,7.676519447748496316e-02,5.657884949468730551e-02,1.688082815114476887e+00,1.281021877915077545e-01,8.495429364344149470e-02,9.365682315813836367e-02,9.816786389593578840e-03,9.953870939028421905e-01
7.700000000000000000e+01,4.826075561783004231e-01,5.173924438216995769e-01,1.757682466764168616e+00,9.324062019752957231e-02,1.999999999999999964e-200,7.976330414584720252e-02,3.204955725349749318e-02,3.726405163895689376e-02,1.029174077405297982e+00,3.109303149420985513e-01,1.232402802717890711e-01,1.763287947956310208e-200,2.118095242194826394e-02,5.154743749588662771e-01
7.800000000000000000e+01,6.845453781197998744e-01,3.154546218802000701e-01,1.607000095927601402e+00,1.956469092730660497e-01,1.999999999999999964e-200,8.851488690192280129e-02,6.303188006920155961e-02,4.580622782820822914e-02,1.997924904106205823e-01,5.481941708482697720e-200,5.481941708482697720e-200,1.260650419252198118e+00,6.807791388884372463e-02,4.714791764483374781e-01
7.900000000000000000e+01,5.064295708346074898e-01,4.935704291653925102e-01,3.498355322481105922e+00,1.837322278466954617e-01,3.999999999999999928e-200,1.403073346365390217e-01,1.041754399099857342e-01,7.342967512567345756e-02,9.254002956479480124e-01,1.391215211268401086e+00,1.401689925118746460e-01,1.057194280101259043e+00,4.228834300502696403e-02,4.437328774654905605e-01
8.000000000000000000e+01,4.855639561868239640e-01,5.144360438131760915e-01,1.745497871097279496e+00,9.375656680888380667e-02,1.999999999999999964e-200,7.153893645513052790e-02,5.173653887417746511e-02,3.747008676452859288e-02,1.089870957916262650e+00,5.731332016195626877e-02,1.023557456930603848e-01,1.422233320553518143e-01,1.225912135371467690e-02,5.959775228196543262e-01
8.100000000000000000e+01,5.257667891537722848e-01,4.742332108462277152e-01,1.756708888339136188e+00,9.610942991752963183e-02,1.999999999999999964e-200,7.749001650653382367e-02,3.128143221673996416e-02,3.841023302006002504e-02,1.070513718134622261e+00,8.815716870179906781e-03,7.840534265166362871e-02,1.603751411271228666e-01,1.517305477641266685e-02,6.667170264399986390e-01
8.200000000000000000e+01,6.862968236954651857e-01,3.137031763045347033e-01,1.781549547542141898e+00,9.258243968562761272e-02,1.999999999999999964e-200,7.920079549618100345e-02,9.665985865108485051e-03,3.700123141094065898e-02,4.107258446608546554e-01,1.346898806295688367e+00,6.440679400791048115e-02,4.553097397334700303e-201,4.553097397334700303e-201,1.779685550355464274e-01
8.300000000000000000e+01,4.434102676461733616e-01,5.565897323538268049e-01,7.030660422333459891e+00,3.686562253547798207e-01,7.999999999999999857e-200,2.893294216463920820e-01,1.640182565066066744e-01,1.473356741587603103e-01,2.184811665031395567e+00,3.521654778207646608e+00,2.990741619377977889e-01,8.966500772651697648e-01,4.719547544238868186e-02,1.050613842115601937e+00
8.400000000000000000e+01,4.787534134420174392e-01,5.212465865579827273e-01,5.110414359208768964e+00,3.784359035389724402e-01,5.999999999999999893e-200,2.277027876358502789e-01,1.648969842412987274e-01,1.185499653751097282e-01,1.227329193298793752e+00,1.683322639946380095e+00,1.373684107962408474e-01,1.935985387258952306e+00,7.207050238413525989e-02,9.439238663154977393e-01
8.500000000000000000e+01,4.041295158783572705e-01,5.958704841216426740e-01,4.359972014611289026e+00,2.357098961418772898e-01,4.999999999999999911e-200,1.791246594748476806e-01,1.310774457410093241e-01,9.411598403097694299e-02,1.862274613706529358e+00,8.499043001806001474e-01,1.530044459152841707e-01,9.718860734515786248e-01,5.763306432017707009e-02,1.105297502425830913e+00
8.600000000000000000e+01,3.573669775561267858e-01,6.426330224438732142e-01,2.640756514983098491e+00,1.377748270062952030e-01,2.999999999999999946e-200,1.096894030038101098e-01,5.671661905606244919e-02,5.506263595073361550e-02,6.394013786003072131e-01,1.479064672416276149e+00,1.047893694545434240e-01,4.720866827661216458e-01,1.894046272931639366e-02,2.857174340334351914e-01
8.700000000000000000e+01,6.928596235158567263e-01,3.071403764841432182e-01,2.640204264234919496e+00,1.379620750409578100e-01,2.999999999999999946e-200,1.096643844195092643e-01,5.703184831986982117e-02,5.513742798474356721e-02,8.019270037804269169e-01,1.351516673733246243e+00,1.146064623533382537e-01,3.514118879130337936e-01,1.799251483170241292e-02,3.625454573882523901e-01
8.800000000000000000e+01,5.757452191508261041e-01,4.242547808491740069e-01,1.756638131778508249e+00,9.397887663713597184e-02,1.999999999999999964e-200,8.039456248821572060e-02,3.142945507246570902e-02,3.755897402367430055e-02,1.161740900533402510e+00,9.287725646678553215e-02,1.127162079409439605e-01,2.341982949889570057e-200,1.500002851406063119e-02,6.176656065448073996e-01
8.900000000000000000e+01,6.099924329892436603e-01,3.900075670107563397e-01,8.908395826846131627e-01,4.626374410964526063e-02,9.999999999999999821e-201,3.957690277474235768e-02,4.830125510846398386e-03,1.848964492015269315e-02,1.751406324537269632e-01,7.174938863113611287e-01,3.183176646410577904e-02,2.195061102303742466e-201,2.195061102303742466e-201,7.553371477080599028e-02
9.000000000000000000e+01,4.488944975186349717e-01,5.511055024813650283e-01,1.764682871238128392e+00,9.247472870658221544e-02,1.999999999999999964e-200,7.486916354323414069e-02,3.101515674574895423e-02,3.695807976630599567e-02,5.819797093587734116e-01,8.012346120549447281e-01,7.560182416475794143e-02,2.520287680432529709e-01,1.687491060363847245e-02,2.722801757746325380e-01
9.100000000000000000e+01,6.779697111155857936e-01,3.220302888844141509e-01,1.589146151296066956e+00,2.066411387807198241e-01,1.999999999999999964e-200,9.217650114143169371e-02,6.482014015501853799e-02,4.721606862676300947e-02,6.127673582675239317e-01,6.939933389447796126e-199,6.939933389447796126e-199,5.374176472291400941e-01,6.280723430108550720e-02,7.870077602022503838e-01
9.200000000000000000e+01,5.287557386726897679e-01,4.712442613273102321e-01,3.377930212532718190e+00,2.575221383941898590e-01,3.999999999999999928e-200,1.629899211055522712e-01,1.170937432420973423e-01,8.446398472544271174e-02,6.852392690058791702e-01,8.273056297922707358e-01,6.904627760850105822e-02,1.499164859516263881e+00,7.545757815178680272e-02,8.437863859252983101e-01
9.300000000000000000e+01,4.754254637821628826e-01,5.245745362178371174e-01,4.413921426033289741e+00,2.326405284487254033e-01,4.999999999999999911e-200,1.908835693942448897e-01,6.957846904668342491e-02,9.297600707705599987e-02,1.446474096867679249e+00,1.991583084234108236e+00,1.656654594166532268e-01,6.442105077931553625e-01,2.954381321138821112e-02,7.225230384770156000e-01
9.400000000000000000e+01,3.824269311151097805e-01,6.175730688848901639e-01,6.162049831095695041e+00,3.259005499848638965e-01,6.999999999999999295e-200,2.615108597861460771e-01,1.202909363942476079e-01,1.302478227390466425e-01,2.329930520724284193e+00,2.220066648974226897e+00,2.838355081864015750e-01,9.287487661085230828e-01,4.611636511603185024e-02,1.191302190890531909e+00
9.500000000000000000e+01,4.673675938568048749e-01,5.326324061431950696e-01,1.131517731242520597e+01,6.455684553115699220e-01,1.300000000000000267e-199,5.134750459028959435e-01,2.706243668758687715e-01,2.551548194844609485e-01,3.394636495950542177e+00,5.023254591735716978e+00,2.820387436430823458e-01,1.956119624523754652e+00,1.676037198502186853e-01,2.176346824296685689e+00
9.600000000000000000e+01,4.636778719827290285e-01,5.363221280172709715e-01,2.645573810666852044e+00,1.409821054020922726e-01,2.999999999999999946e-200,1.206038548074390149e-01,3.649616556904736187e-02,5.634406355456908488e-02,1.468087722731598266e+00,5.808966174563020557e-01,1.501571453729210748e-01,2.998078223281449188e-200,1.697057543054674919e-02,7.838879390086317400e-01
9.700000000000000000e+01,6.018964932939281365e-01,3.981035067060718635e-01,6.127721139710548215e+00,3.194800837108892066e-01,6.999999999999999295e-200,2.439720551379724600e-01,1.811444253004428073e-01,1.276822961401479772e-01,1.762681701102632115e+00,3.141497863008956948e+00,2.538662981371919702e-01,1.013947102895660812e+00,4.574079398052310202e-02,7.822662408750351570e-01
9.800000000000000000e+01,6.732916763640183211e-01,3.267083236359816234e-01,4.348843646226185911e+00,2.375798135833449287e-01,4.999999999999999911e-200,1.819077193260656700e-01,1.367198166628636191e-01,9.494900420153934428e-02,2.220542749492316670e+00,4.427043742553523065e-01,1.428712756613422508e-01,7.147227219160957601e-01,5.311969610501268702e-02,1.426039182569880381e+00
9.900000000000000000e+01,4.610193336838109834e-01,5.389806663161891276e-01,2.623092702277192600e+00,1.384246494771830260e-01,2.999999999999999946e-200,1.055029805584928870e-01,7.765755019128009473e-02,5.532211749585137783e-02,9.997288942918802768e-01,7.784059445877411498e-01,1.134417559566922862e-01,5.733162226161119257e-01,2.996143286332560857e-02,5.051457496842488570e-01
1.000000000000000000e+02,5.817659785582971477e-01,4.182340214417028523e-01,8.722676463082045251e-01,4.678329606994062473e-02,9.999999999999999821e-201,3.572602335351791197e-02,2.652587242073770057e-02,1.869716184759928276e-02,3.201994845345538243e-01,9.979576370376194716e-02,5.692748699519853406e-02,3.362683405089281763e-01,1.351832571864404475e-02,1.732905985389134040e-01
1.010000000000000000e+02,6.440097628672147856e-01,3.559902371327853254e-01,1.642499961993817870e+00,1.299640458198072224e-01,1.999999999999999964e-200,1.111700473184974863e-01,6.667945641519251732e-02,4.968648845268521658e-02,7.867280462989203471e-01,2.038564856639151043e-13,2.216557435378140734e-03,9.564013098782516192e-199,3.298021769789657998e-02,1.178075178567601355e+00
1.020000000000000000e+02,6.712113456535749867e-01,3.287886543464250133e-01,1.689316440447039547e+00,1.252618093136018684e-01,1.999999999999999964e-200,1.022001566137077655e-01,3.536854995282990438e-02,4.785304367282088717e-02,8.533240766907774777e-01,5.384928173313252605e-06,1.304634091680728115e-02,2.039084148594606793e-01,2.314424072476275671e-02,9.065715418800186498e-01
1.030000000000000000e+02,3.726108769221204708e-01,6.273891230778796402e-01,3.513981117563236278e+00,1.843243294989657111e-01,3.999999999999999928e-200,1.450290883179350954e-01,8.299915055831026678e-02,7.366631406155249584e-02,1.278793120403075356e+00,1.399690518394034910e+00,1.783915836950305811e-01,5.227160479301682372e-01,2.580617120600925060e-02,5.946025583716814111e-01
1.040000000000000000e+02,7.942367074029749174e-01,2.057632925970250826e-01,2.614441014175639566e+00,1.408563623193351266e-01,2.999999999999999946e-200,1.075646660939301724e-01,8.084437360461314837e-02,5.629358380648130655e-02,1.549522433419970646e+00,4.806302463531680197e-02,1.248521168485506871e-01,3.680345538288301577e-01,4.337117335421127040e-02,8.661566979131209987e-01
1.050000000000000000e+02,6.274605099970163025e-01,3.725394900029835865e-01,8.735178160932378644e-01,4.597436619837821231e-02,9.999999999999999821e-201,3.510842446798798783e-02,2.702548539372505443e-02,1.837390784667103025e-02,3.688116470245303424e-01,2.413344310616944710e-01,4.820262537596635422e-02,1.550150148330006195e-01,1.188457575631116959e-02,1.747517059484969271e-01
1.060000000000000000e+02,2.236192991773652827e-01,7.763807008226346618e-01,2.672185540476877730e+00,1.389324895355900091e-01,2.999999999999999946e-200,1.188514996915230049e-01,1.450511840023881865e-02,5.552535189576998653e-02,6.364690226480684832e-01,1.986563308297056407e+00,1.002194715121914603e-01,7.213405887809091604e-201,7.213405887809091604e-201,2.767481975426837049e-01
1.070000000000000000e+02,7.912762596237274959e-01,2.087237403762726151e-01,1.754665295453604612e+00,9.441257925372480153e-02,1.999999999999999964e-200,8.076536179263978099e-02,3.242455654821108785e-02,3.773220695181940532e-02,8.393732377181062354e-01,5.738971089442237439e-01,6.439555785487074968e-02,2.435127930508024320e-200,8.993297208303802082e-03,5.133407982744954134e-01
1.080000000000000000e+02,4.590989758311562752e-01,5.409010241688436693e-01,8.894169125996430614e-01,4.686683111916976202e-02,9.999999999999999821e-201,4.009261087943984808e-02,4.893064616688690485e-03,1.873058078505841426e-02,4.557428702286080435e-01,2.657677392583904785e-01,6.068566704008365731e-02,7.225242837973853792e-201,7.225242837973853792e-201,2.178037234729176541e-01
1.090000000000000000e+02,5.386147081745783494e-01,4.613852918254215951e-01,8.907793531712491220e-01,4.628927880850027682e-02,9.999999999999999821e-201,3.959873793815216897e-02,4.832790362626728994e-03,1.849983971947157663e-02,2.062293697986714580e-01,6.724563521532777033e-01,3.198420170353364483e-02,2.257182523122068700e-201,2.257182523122068700e-201,8.933007634451717305e-02
1.100000000000000000e+02,5.017682015400116713e-01,4.982317984599883842e-01,8.706818866397318946e-01,4.731757310623962987e-02,9.999999999999999821e-201,3.615889992694970578e-02,2.693112496638105230e-02,1.891051536069772096e-02,5.623972356127349137e-01,4.277522446266123629e-03,3.363554397152260234e-02,6.072621804717355520e-02,5.016632772759241181e-03,3.339468471495433133e-01
1.110000000000000000e+02,6.208143528539038503e-01,3.791856471460960387e-01,3.499659160428181703e+00,1.832544604422923218e-01,3.999999999999999928e-200,1.399428343627762694e-01,1.039047733655280997e-01,7.323877140122175833e-02,1.150686515202674398e+00,1.545309676713171099e+00,1.596247426408259895e-01,5.857955590970522763e-01,2.741521983651412989e-02,5.311682865097621109e-01
1.120000000000000000e+02,4.489899924840166645e-01,5.510100075159833910e-01,1.736839995374765078e+00,9.700774730393002532e-02,1.999999999999999964e-200,7.335466016107614062e-02,5.402860286293027781e-02,3.876899429729811775e-02,9.247991473582470867e-01,5.887177430414745893e-04,4.740600632724868702e-02,3.300844015303697754e-01,3.139546585085466190e-02,6.657262611902383664e-01
1.130000000000000000e+02,4.959754889082397811e-01,5.040245110917600524e-01,3.484107813149234012e+00,1.900140510391619686e-01,3.999999999999999928e-200,1.443882882606613016e-01,1.055505101583140704e-01,7.593933739262892502e-02,1.870672257838496666e+00,1.722482700938979538e-01,1.489811918775770239e-01,6.057326100080167031e-01,3.318538265059103876e-02,1.169180287531420781e+00
1.140000000000000000e+02,8.084921452452284996e-01,1.915078547547715282e-01,2.458585437028011800e+00,2.617561062759914958e-01,2.999999999999999946e-200,1.455661756653969796e-01,6.692843120976722793e-02,6.716384982083263566e-02,1.093155688698897121e+00,2.350379870720474274e-01,4.669433197126111185e-02,2.651068355377952934e-01,2.453134638165710424e-01,1.114691692903428066e+00
1.150000000000000000e+02,3.703853536614177822e-01,6.296146463385823289e-01,2.639728254961804410e+00,1.382356672433393274e-01,2.999999999999999946e-200,1.098114414911632586e-01,5.697787898887088365e-02,5.524675731482195373e-02,7.973418257678737131e-01,1.275028251435685878e+00,1.309614877697112267e-01,4.097260718555929548e-01,1.845977083787370826e-02,3.684825923332626374e-01
1.160000000000000000e+02,6.080979291634374118e-01,3.919020708365626438e-01,4.397494253257168140e+00,2.341133378637264006e-01,4.999999999999999911e-200,1.866781764737334148e-01,8.845920089697316413e-02,9.325503150839814515e-02,1.949073334000130497e+00,1.311611972337252130e+00,1.539935942874748886e-01,6.972407225846646295e-01,2.272504491423965600e-02,8.653553318762376989e-01
1.170000000000000000e+02,3.871734946015106815e-01,6.128265053984892630e-01,1.740831980491203801e+00,9.492297176149447346e-02,1.999999999999999964e-200,7.248783986072504515e-02,5.382079127030975352e-02,3.793641661626684369e-02,5.571030737124054166e-01,2.167018196108748129e-01,1.006011662527286354e-01,7.516910915965641093e-01,3.264410819462056773e-02,3.412587406328065898e-01
1.180000000000000000e+02,5.823811366959786850e-01,4.176188633040213705e-01,3.459068872763030544e+00,1.992724807081650840e-01,3.999999999999999928e-200,1.513442437412692576e-01,1.116921598011690886e-01,7.862224298636616426e-02,1.488962554962774520e+00,6.436705849142543290e-01,8.863484712094917006e-02,8.102027479150801792e-01,6.968592956630993707e-02,8.988433355206323361e-01
1.190000000000000000e+02,6.960798601886545312e-01,3.039201398113454133e-01,3.528623231403696714e+00,1.836986509171796844e-01,3.999999999999999928e-200,1.529583822365210843e-01,6.130330400647904243e-02,7.341643143612323896e-02,9.159459541491845602e-01,2.391184831971940206e+00,1.392668558217971531e-01,1.424797262095809647e-01,9.051688458473865218e-03,4.020709433890230500e-01
1.200000000000000000e+02,3.750229882171506879e-01,6.249770117828492566e-01,4.372585209779327187e+00,2.297967437909706201e-01,4.999999999999999911e-200,1.754845939609988026e-01,1.302938547515756218e-01,9.183959771712690845e-02,1.372301405118289575e+00,1.480511967799452266e+00,2.038491874336031406e-01,1.239959453961776870e+00,5.262364191119407730e-02,6.507543437756840854e-01
1.210000000000000000e+02,5.262046037474937821e-01,4.737953962525061624e-01,2.616407555885613245e+00,1.457442270977091225e-01,2.999999999999999946e-200,1.204244104107381197e-01,5.926101948509175654e-02,5.816278712084770042e-02,1.516816793814742992e+00,1.141062329574209361e-01,7.759913073142159223e-02,2.139158895003974714e-01,1.913290812931607229e-02,1.058429044866700863e+00
1.220000000000000000e+02,8.278358435146399019e-01,1.721641564853601813e-01,8.488246191293130627e-01,5.705407233811808643e-02,9.999999999999999821e-201,4.249675710262157402e-02,2.978521151792076771e-02,2.183933991202656466e-02,5.930068729244148962e-01,3.884265479315063326e-14,7.291952073338253204e-04,9.752154554854755575e-02,1.313414226551659278e-02,2.956082440541483169e-01
1.230000000000000000e+02,7.139488560605786738e-01,2.860511439394213262e-01,2.598322718761675532e+00,1.469187940075769305e-01,2.999999999999999946e-200,1.124429671025659327e-01,8.426625222672071147e-02,5.804926790146076182e-02,1.569006870059537651e+00,8.387078778400507140e-02,6.762954100273807501e-02,4.394557579615808729e-01,4.075233681906374750e-02,7.992847063730748047e-01
1.240000000000000000e+02,3.781878498031435720e-01,6.218121501968564280e-01,3.527309287977178354e+00,1.858126592198630633e-01,3.999999999999999928e-200,1.503409231791018597e-01,6.227607763966724885e-02,7.426105198418869735e-02,1.275663983449905281e+00,1.459575443776680137e+00,1.597845539015466942e-01,4.526507703976617725e-01,2.135027367918180055e-02,6.309749747950244014e-01
1.250000000000000000e+02,5.916608552532793830e-01,4.083391447467205615e-01,2.607330787458734811e+00,1.521427406813091188e-01,2.999999999999999946e-200,1.218322518681017042e-01,5.893391967290414341e-02,5.976030031894986883e-02,1.305649586278196717e+00,4.071268525352655931e-01,6.699746569252681971e-02,4.947842671493724032e-01,2.086295657963483513e-02,7.045788717650035560e-01
1.260000000000000000e+02,6.113396129984213223e-01,3.886603870015787332e-01,1.766428715343496325e+00,9.182823135620316046e-02,1.999999999999999964e-200,7.437090652904713994e-02,3.067233197296169445e-02,3.669981479829133308e-02,3.304933330000465741e-01,1.213430972524627505e+00,5.910231935557549998e-02,2.443286943658371513e-01,9.083684513370698238e-03,1.435609962405429152e-01
1.270000000000000000e+02,5.481492642753872380e-01,4.518507357246127620e-01,1.064238078933512277e+01,5.584326385201014986e-01,1.200000000000000211e-199,4.734496655191419712e-01,1.025560481081244785e-01,2.231808585175047988e-01,3.527999501883326339e+00,6.176618432024272742e+00,4.193980972787281214e-01,9.229384030252589521e-02,1.201193203061206791e-02,1.771678196480536149e+00
1.280000000000000000e+02,3.600397467091491777e-01,6.399602532908508223e-01,1.781702238507847147e+00,9.251771609836596799e-02,1.999999999999999964e-200,7.914543911001609144e-02,9.659229947533903848e-03,3.697537633623661224e-02,3.744143108448854118e-01,1.400429618196663117e+00,6.381610809619753244e-02,4.439455204123063832e-201,4.439455204123063832e-201,1.613399628622538828e-01
1.290000000000000000e+02,3.993250676328922166e-01,6.006749323671077834e-01,3.489293985687742961e+00,1.880359022913072886e-01,3.999999999999999928e-200,1.424029260267082042e-01,1.051181514854550303e-01,7.514903450878611391e-02,1.894838003329833764e+00,3.288354706217206935e-01,1.623255243385141044e-01,4.908538981096141063e-01,3.586673844605278716e-02,1.087280365154264405e+00
1.300000000000000000e+02,4.023157378175572507e-01,5.976842621824427493e-01,1.611986726131268144e+00,1.923791535394620555e-01,1.999999999999999964e-200,8.797013845864100345e-02,6.230615225454375072e-02,4.535782961608518515e-02,1.510023395612001829e-01,3.139385861195426293e-200,3.139385861195426293e-200,1.424190350832974294e+00,4.103230953361509253e-02,3.837750000722105481e-01
1.310000000000000000e+02,5.271236021221289425e-01,4.728763978778710020e-01,2.641054137805158852e+00,1.376447895426436419e-01,2.999999999999999946e-200,1.094174213608860996e-01,5.687310827846709521e-02,5.501054301284422077e-02,9.849938022147184391e-01,1.015286948444428461e+00,1.192313037992534241e-01,4.233324860077434804e-01,1.937244232084230078e-02,4.377830172130139919e-01
1.320000000000000000e+02,7.099486923216071776e-01,2.900513076783928779e-01,6.989896893177233395e+00,3.706850380998710226e-01,7.999999999999999857e-200,2.821468546680632183e-01,2.091250914374256642e-01,1.481461226174057288e-01,2.867622005403044128e+00,1.190524740573543294e+00,4.013375672175850672e-01,2.025187004878347796e+00,8.267475374283922429e-02,1.432653928184640879e+00
1.330000000000000000e+02,3.691672320348174940e-01,6.308327679651823949e-01,3.530230471257498337e+00,1.846802369726448234e-01,3.999999999999999928e-200,1.493437330924720641e-01,6.193692940482438403e-02,7.380862927256015560e-02,1.172316281964829843e+00,1.872553164172988227e+00,1.743434253813873624e-01,2.261187407110504533e-01,1.771439999429261919e-02,5.369539877754514468e-01
1.340000000000000000e+02,3.245996133989665355e-01,6.754003866010335200e-01,5.271287035693093870e+00,2.837229658272221733e-01,5.999999999999999893e-200,2.342846486039181497e-01,9.731471755333286067e-02,1.133906323224313506e-01,2.454696462098909127e+00,1.324781361450680706e+00,1.923557495448917076e-01,5.228591731357750128e-01,3.825706788326498076e-02,1.467050185886478841e+00
1.350000000000000000e+02,4.425648698548405036e-01,5.574351301451595520e-01,8.748353056985673781e-01,4.584275339510997943e-02,9.999999999999999821e-201,3.500791583320738559e-02,2.599268517345179608e-02,1.832133989966327689e-02,2.611658674564338312e-01,3.416977531372421550e-01,4.170288203339440891e-02,2.253876330615581791e-01,1.005258603984195143e-02,1.199932782715295299e-01
1.360000000000000000e+02,3.544000182972731339e-01,6.455999817027269216e-01,7.895126213829582795e+00,4.109555437238840425e-01,9.000000000000000419e-200,3.180766558332790428e-01,2.116003257595487630e-01,1.642412608537062169e-01,1.589269942373278122e+00,4.681333657304866058e+00,2.665221330605130889e-01,1.696781027437464173e+00,6.926999301358040262e-02,6.968232468102982802e-01
1.370000000000000000e+02,3.927483534311116409e-01,6.072516465688884146e-01,2.619067540373333003e+00,1.395205587457582774e-01,2.999999999999999946e-200,1.065446555434010484e-01,7.910729058227719546e-02,5.575995475523065625e-02,1.073212807191491258e+00,3.557947128670269077e-01,1.203421431400146929e-01,8.520976357498335485e-01,3.936196284346349383e-02,5.591907382081695577e-01
1.380000000000000000e+02,5.513579998901289025e-01,4.486420001098710419e-01,1.764512521216289098e+00,9.254269253114762173e-02,1.999999999999999964e-200,7.492486051289495852e-02,3.103468935054874006e-02,3.698523638911942191e-02,6.306426195618736186e-01,7.861776831117169850e-01,8.431582057386866058e-02,1.935779070049195305e-01,8.582210682703275695e-03,2.967037590649179157e-01
1.390000000000000000e+02,2.907387831435610526e-01,7.092612168564389474e-01,8.754896592597994909e-01,4.560303790248694533e-02,9.999999999999999821e-201,3.482491970980849255e-02,2.585681680331764626e-02,1.822556632458728273e-02,2.037954010799504501e-01,5.098805928799661213e-01,3.169602647893165343e-02,1.580845244549465844e-01,6.758039243344540238e-03,8.978541586286063747e-02
1.400000000000000000e+02,5.424435220448816652e-01,4.575564779551182792e-01,3.523408184734402315e+00,1.869618423619749670e-01,3.999999999999999928e-200,1.516763021163702874e-01,6.323351807464548668e-02,7.472015271260704083e-02,1.725742334293631774e+00,7.360302432521770299e-01,1.978777748738267672e-01,4.197627472476791466e-01,3.167805944839294924e-02,8.889088408842920064e-01
1.410000000000000000e+02,5.378873934115505628e-01,4.621126065884493817e-01,4.380632969021224454e+00,2.316718270960714254e-01,4.999999999999999911e-200,1.854295876491416917e-01,1.096767921289859837e-01,9.258882410457594525e-02,2.050656869626237722e+00,1.277508545401119688e+00,2.582636018723643012e-01,3.639923127043250828e-01,2.997359393416485981e-02,1.019605076461787663e+00
1.420000000000000000e+02,7.142075593539470857e-01,2.857924406460530253e-01,4.387220109652657740e+00,2.320274607241341602e-01,4.999999999999999911e-200,1.805464521125410005e-01,1.074750831712919519e-01,9.273089433937478643e-02,1.613590313875980842e+00,1.476658367062110511e+00,1.825654675078786093e-01,8.546146874934723581e-01,4.163421552050193541e-02,8.309369485400559530e-01
1.430000000000000000e+02,6.873509501833662272e-01,3.126490498166337173e-01,1.750339962516794579e+00,9.778400466054720797e-02,1.999999999999999964e-200,7.920899701742357968e-02,3.358779471603175193e-02,3.907924108920256268e-02,1.055056956061115381e+00,8.034112914433610584e-04,5.153011256492918274e-02,1.131645182708019143e-01,1.800134204333026997e-02,7.614436597683799102e-01
1.440000000000000000e+02,7.575755898424284540e-01,2.424244101575714905e-01,1.642231374609218086e+00,1.410682782264056634e-01,1.999999999999999964e-200,1.206647053870010533e-01,4.318410158338921445e-02,5.285154019398626696e-02,8.750900193685087203e-01,1.609078937179431609e-18,3.148951269647815021e-04,3.565543054212783582e-198,5.362065706165438511e-02,1.070974428442871940e+00
1.450000000000000000e+02,4.633720344002001390e-01,5.366279655997997500e-01,2.636291831436055944e+00,1.407922780695371190e-01,2.999999999999999946e-200,1.110645749918498931e-01,5.558310062688663622e-02,5.626821487567025548e-02,1.078525083679612306e+00,7.121969202302791402e-01,1.227067966237238433e-01,4.698061223795881869e-01,2.258438676427492256e-02,5.941806903225215208e-01
1.460000000000000000e+02,5.456090363009106214e-01,4.543909636990893786e-01,2.636852202621845276e+00,1.393173166370828275e-01,2.999999999999999946e-200,1.106415372569820726e-01,5.751007305941454456e-02,5.567887042467518921e-02,1.118439989292441483e+00,8.076664566434805792e-01,1.288888124863570017e-01,3.684524022833339241e-01,1.725169585545600209e-02,5.593006434389308223e-01
1.470000000000000000e+02,5.643582199450957182e-01,4.356417800549042263e-01,3.510630964298986800e+00,1.857919826707483679e-01,3.999999999999999928e-200,1.461362621115842031e-01,8.318813611005509978e-02,7.425265480862511258e-02,1.504091444423547586e+00,1.120809667438493307e+00,1.696547834828160961e-01,4.080480048339796273e-01,2.361644684998195215e-02,7.737796529711815641e-01
1.480000000000000000e+02,7.625595290738703680e-01,2.374404709261296875e-01,3.506884562914056147e+00,1.849116696691190387e-01,3.999999999999999928e-200,1.539834701658751026e-01,8.031938715941021323e-02,7.390091009153872126e-02,1.680751444348003165e+00,1.098149170282730402e+00,1.936758274185316209e-01,1.872971304781829993e-01,1.418979685888055280e-02,8.259366306136712854e-01
1.490000000000000000e+02,5.023188568164453915e-01,4.976811431835547195e-01,8.151249366066086743e-01,6.964645409863137737e-02,9.999999999999999821e-201,5.221606426961795250e-02,3.700815819184884864e-02,2.600438683329333450e-02,4.984335560818691641e-02,6.780417634099598031e-17,9.128081870385302318e-05,8.243718068990429915e-01,7.440603211081799062e-02,5.128752456324829623e-02
1.500000000000000000e+02,5.546587542062308973e-01,4.453412457937691582e-01,2.625075923728633409e+00,1.373194856666467012e-01,2.999999999999999946e-200,1.048643506786203633e-01,7.785973007474925045e-02,5.488050985135033144e-02,1.060288419640990742e+00,8.356017722062050179e-01,1.335149415753617286e-01,4.679027409587180886e-01,1.959531925298848079e-02,4.830968063657357092e-01
1.510000000000000000e+02,3.228036862059979195e-01,6.771963137940020250e-01,5.134227440379648399e+00,3.826763476314206658e-01,5.999999999999999893e-200,2.390413694589563209e-01,1.247425338016756452e-01,1.193123087282992600e-01,1.250530230325322290e+00,2.099662582151644141e+00,1.463770948228104718e-01,1.654312723067432600e+00,6.842331111282845546e-02,7.806940585199618754e-01
1.520000000000000000e+02,5.798409864089422161e-01,4.201590135910578394e-01,8.724264893626143547e-01,4.672510578654306274e-02,9.999999999999999821e-201,3.568159863174610869e-02,2.649288793516019550e-02,1.867391828393630271e-02,2.966981296502042009e-01,1.208592906352605190e-01,5.625078734277008663e-02,3.530327146672982419e-01,1.419227043196162434e-02,1.589668072725053671e-01
1.530000000000000000e+02,4.498587068334078953e-01,5.501412931665921047e-01,2.653789813003624598e+00,1.396670481726284829e-01,2.999999999999999946e-200,1.151408334671628203e-01,3.558362494726241554e-02,5.581868040932128072e-02,1.047740784671454595e+00,1.174907589883197323e+00,1.244171402203079757e-01,1.273464987452420372e-01,7.106189088390723295e-03,5.184817973914073175e-01
1.540000000000000000e+02,6.945830708096242256e-01,3.054169291903757188e-01,2.504393908425629700e+00,2.209621410831139887e-01,2.999999999999999946e-200,1.351530216191333400e-01,7.033050443849302169e-02,6.916042443362990788e-02,8.122109875939268475e-01,9.927517272295391382e-02,5.397127881492664453e-02,1.039626566607012137e+00,6.390034223829703375e-02,9.310156520228833887e-01
1.550000000000000000e+02,4.661538803305164680e-01,5.338461196694834765e-01,8.090041414969001421e-01,9.515433645651846795e-02,9.999999999999999821e-201,4.322438774646662069e-02,3.022430971388010562e-02,2.239282458623470529e-02,1.107413727297714562e-01,2.423947818887305824e-200,2.423947818887305824e-200,6.535356885109244729e-01,1.637898163809805088e-02,2.193439571212061068e-01
1.560000000000000000e+02,7.116850545352220170e-01,2.883149454647780385e-01,8.628604347020569776e-01,5.852693076062641386e-02,9.999999999999999821e-201,5.006288332126967999e-02,6.109877047551898720e-03,2.243987416849504979e-02,6.381492272693618517e-01,1.222051824188400450e-15,3.283203977315067470e-04,4.126431474003015654e-199,4.126431474003015654e-199,3.615224523329053641e-01
1.570000000000000000e+02,7.149320925868601906e-01,2.850679074131398094e-01,4.254970949483385390e+00,3.136726081156600010e-01,4.999999999999999911e-200,2.248900653478199119e-01,1.008198824866824717e-01,1.056464945664521149e-01,1.827192871496879256e+00,8.783818683013893125e-01,1.777787267325622589e-01,8.263562583649667337e-01,6.451426265581558517e-02,1.225776012448386743e+00
1.580000000000000000e+02,3.793506098526675530e-01,6.206493901473324470e-01,1.759804308987622967e+00,9.278923104717679005e-02,1.999999999999999964e-200,7.937726563166067062e-02,3.094549858344462084e-02,3.708369575009453495e-02,9.506476072816039125e-01,4.593096833332865891e-01,1.177952520094970451e-01,1.474000587653134191e-200,1.569443951052584829e-02,4.565530178650866189e-01
1.590000000000000000e+02,4.163728409145782683e-01,5.836271590854217317e-01,4.357056059382661495e+00,2.364390579503592715e-01,4.999999999999999911e-200,1.788151124041624518e-01,1.332348400723124549e-01,9.445493019050434091e-02,1.676750876719195649e+00,1.456628451091468435e+00,1.323199444940842129e-01,5.576051042794292201e-01,4.646311222232172439e-02,1.130232511193500544e+00
1.600000000000000000e+02,2.264227946808052006e-01,7.735772053191948272e-01,8.904459812860912038e-01,4.643059841068605809e-02,9.999999999999999821e-201,3.971958252916815701e-02,4.847538725964716487e-03,1.855629904808973538e-02,2.686645570353457524e-01,5.721114969327520949e-01,4.001046332261299493e-02,3.210790041235155763e-201,3.210790041235155763e-201,1.192134827092891786e-01
1.610000000000000000e+02,7.659150193830986941e-01,2.340849806169012226e-01,8.743504986419478042e-01,4.602036184020671938e-02,9.999999999999999821e-201,3.514349892183830926e-02,2.609335179496602430e-02,1.839228880104120875e-02,3.327029231047439195e-01,2.107130773201951746e-01,4.231245208229380411e-02,2.454291522570208883e-01,1.114756153135614512e-02,1.576948337043902193e-01
1.620000000000000000e+02,7.078427206771675806e-01,2.921572793228323639e-01,1.655793514621753282e+00,1.297370188275837333e-01,1.999999999999999964e-200,9.711661503171270526e-02,6.703929996530776092e-02,5.031355155364226200e-02,4.019850153267193749e-01,1.943324594513556088e-19,2.711518233244216124e-05,5.990585055980719442e-01,4.944467575933706588e-02,9.494846881335392563e-01
1.630000000000000000e+02,3.935867442462335219e-01,6.064132557537665891e-01,2.619278246319169501e+00,1.396231444518010734e-01,2.999999999999999946e-200,1.065911445500067056e-01,7.870653249457246203e-02,5.580093218445082714e-02,1.366648159902970727e+00,4.048536316184109252e-01,1.302259551593669684e-01,3.438832211374607817e-01,2.424552807203843308e-02,7.301435041097521506e-01
1.640000000000000000e+02,3.035483137704684253e-01,6.964516862295315747e-01,3.502828729998990198e+00,1.844872233461803956e-01,3.999999999999999928e-200,1.398516412975670531e-01,9.910114685031895521e-02,7.373125850694359218e-02,1.637458291870530491e+00,8.314063319820163001e-01,1.912941501010493872e-01,5.320234166576650603e-01,2.143181569797059094e-02,7.863859936907680037e-01
1.650000000000000000e+02,4.336768194801547960e-01,5.663231805198450930e-01,1.781198047990001143e+00,9.273143854356800941e-02,1.999999999999999964e-200,7.932821354711461215e-02,9.681536480118952542e-03,3.706076343919708499e-02,4.588705953900450996e-01,1.267394724236350134e+00,7.231750899336619742e-02,5.422468032375334887e-201,5.422468032375334887e-201,2.014171713802387909e-01
1.660000000000000000e+02,7.032337160782277108e-01,2.967662839217723447e-01,8.690707261535846051e-01,4.812094400655507476e-02,9.999999999999999821e-201,3.665748800852751399e-02,2.691937708250092057e-02,1.923146474883178497e-02,4.903526772122298594e-01,3.260768708441362908e-04,2.171302057944646952e-02,1.482223617319400055e-01,7.264181690650469737e-03,3.321216819148889998e-01
1.670000000000000000e+02,3.915351078555338038e-01,6.084648921444661962e-01,6.009953817558680633e+00,4.501067208932795216e-01,6.999999999999999295e-200,3.101447817651194483e-01,8.396931923823140742e-02,1.458253605446878931e-01,3.449600320273961351e+00,1.582129336839342426e-01,1.245483178181605172e-01,1.015361688980454258e-01,9.761533950232754650e-03,3.156340725375665901e+00
